City_ID,City,Country,Date,Lat,Lng,Max Temp,Humidity,Cloudiness,Wind Speed
0,Punta Arenas,CL,2022-07-21 23:37:26,-53.15,-70.9167,32.11,93,20,20.71
1,Cidreira,BR,2022-07-21 23:41:13,-30.1811,-50.2056,62.64,90,90,3.98
2,Iqaluit,CA,2022-07-21 23:39:15,63.7506,-68.5145,44.33,87,20,4.61
3,Busselton,AU,2022-07-21 23:41:14,-33.65,115.3333,59.56,79,76,9.75
4,Ushuaia,AR,2022-07-21 23:37:56,-54.8,-68.3,31.66,86,75,28.77
5,Chapais,CA,2022-07-21 23:41:14,49.7834,-74.8492,65.98,94,99,12.21
6,Vaitape,PF,2022-07-21 23:41:15,-16.5167,-151.75,77.23,73,13,10.92
7,Olinda,BR,2022-07-21 23:41:15,-8.0089,-34.8553,76.73,78,20,6.91
8,Mach,PK,2022-07-21 23:41:16,29.8637,67.3298,78.51,83,93,3.13
9,Chokurdakh,RU,2022-07-21 23:41:16,70.6333,147.9167,55.94,32,3,7.67
10,Yerofey Pavlovich,RU,2022-07-21 23:41:16,53.9667,121.9667,72.28,72,47,4.09
11,Clyde River,CA,2022-07-21 23:41:17,70.4692,-68.5914,37.63,100,100,8.05
12,Vaini,TO,2022-07-21 23:41:17,-21.2,-175.2,78.96,83,40,5.75
13,Lorengau,PG,2022-07-21 23:39:37,-2.0226,147.2712,84.15,72,88,10.18
14,Barrow,US,2022-07-21 23:41:18,71.2906,-156.7887,46.42,76,20,26.46
15,Albany,US,2022-07-21 23:37:31,42.6001,-73.9662,90.01,59,17,8.99
16,Kawai,JP,2022-07-21 23:41:18,34.2333,135.85,74.62,88,84,3.96
17,Chuy,UY,2022-07-21 23:41:18,-33.6971,-53.4616,51.89,88,93,6.93
18,Dunmore Town,BS,2022-07-21 23:41:19,25.5,-76.65,82.8,76,9,14.03
19,Saint George,US,2022-07-21 23:41:19,37.1041,-113.5841,111.63,11,0,24.16
20,Laguna,US,2022-07-21 23:41:20,38.421,-121.4238,104.76,23,0,9.22
21,Santander,ES,2022-07-21 23:36:29,43.4647,-3.8044,70.3,91,100,5.01
22,Alofi,NU,2022-07-21 23:37:36,-19.0595,-169.9187,82.29,57,40,8.05
23,Whitianga,NZ,2022-07-21 23:41:20,-36.8333,175.7,55.42,58,63,8.68
24,New Norfolk,AU,2022-07-21 23:41:21,-42.7826,147.0587,48.92,80,1,3.22
25,Castro,BR,2022-07-21 23:36:37,-24.7911,-50.0119,59.23,83,64,2.28
26,Bredasdorp,ZA,2022-07-21 23:41:21,-34.5322,20.0403,46.83,87,100,4.18
27,Puerto Ayora,EC,2022-07-21 23:37:24,-0.7393,-90.3518,75.16,94,51,5.99
28,East London,ZA,2022-07-21 23:41:22,-33.0153,27.9116,58.82,77,2,9.01
29,Yellowknife,CA,2022-07-21 23:41:22,62.456,-114.3525,68.52,40,75,6.91
30,Mahebourg,MU,2022-07-21 23:40:42,-20.4081,57.7,70.25,77,40,11.5
31,Kismayo,SO,2022-07-21 23:41:23,-0.3582,42.5454,74.62,83,78,19.93
32,Karratha,AU,2022-07-21 23:41:24,-20.7377,116.8463,70.03,77,1,6.98
33,Kapaa,US,2022-07-21 23:41:24,22.0752,-159.319,85.98,68,20,16.11
34,Angoche,MZ,2022-07-21 23:41:25,-16.2325,39.9086,70.29,79,0,4.36
35,Carlisle,US,2022-07-21 23:36:42,40.2015,-77.1889,91.04,58,37,11.88
36,Kruisfontein,ZA,2022-07-21 23:38:19,-34.0033,24.7314,49.33,85,47,5.37
37,San Patricio,US,2022-07-21 23:39:24,28.017,-97.5169,93.54,57,30,18.68
38,Mataura,NZ,2022-07-21 23:41:26,-46.1927,168.8643,43.48,91,100,1.1
39,Acari,PE,2022-07-21 23:41:26,-15.4311,-74.6158,62.08,82,38,3.42
40,Savannah Bight,HN,2022-07-21 23:37:10,16.45,-85.85,82.63,81,17,19.66
41,Babol,IR,2022-07-21 23:41:27,36.5513,52.679,77.31,84,60,6.73
42,Coihaique,CL,2022-07-21 23:41:27,-45.5752,-72.0662,30.15,93,40,3.44
43,Pisco,PE,2022-07-21 23:41:09,-13.7,-76.2167,60.85,82,100,16.11
44,Gamba,GA,2022-07-21 23:41:28,-2.65,10.0,70.09,95,95,5.97
45,Jamestown,US,2022-07-21 23:42:29,42.097,-79.2353,80.02,64,40,10.36
46,Yuci,CN,2022-07-21 23:42:29,37.6803,112.7319,74.95,73,100,6.71
47,Ballina,AU,2022-07-21 23:42:29,-28.8667,153.5667,59.02,99,100,18.19
48,Kaitangata,NZ,2022-07-21 23:42:30,-46.2817,169.8464,44.98,85,97,2.24
49,Chimbote,PE,2022-07-21 23:42:30,-9.0853,-78.5783,62.46,83,50,11.7
50,Klaksvik,FO,2022-07-21 23:37:57,62.2266,-6.589,47.32,86,55,5.7
51,Atuona,PF,2022-07-21 23:42:30,-9.8,-139.0333,77.36,72,13,15.21
52,Hasaki,JP,2022-07-21 23:42:31,35.7333,140.8333,86.29,83,55,17.34
53,Ilulissat,GL,2022-07-21 23:41:50,69.2167,-51.1,51.82,82,75,4.61
54,Tasiilaq,GL,2022-07-21 23:42:31,65.6145,-37.6368,37.56,81,87,4.85
55,Santiago De Cuba,CU,2022-07-21 23:42:32,20.0247,-75.8219,84.31,74,40,5.75
56,Dengfeng,CN,2022-07-21 23:42:33,34.4553,113.0281,74.61,92,100,2.28
57,Lebu,CL,2022-07-21 23:42:33,-37.6167,-73.65,51.33,88,99,12.03
58,Kavieng,PG,2022-07-21 23:42:33,-2.5744,150.7967,82.26,77,100,11.56
59,Qiqihar,CN,2022-07-21 23:42:34,47.3408,123.9672,79.39,61,22,2.75
60,Flinders,AU,2022-07-21 23:39:40,-34.5833,150.8552,55.38,90,92,8.01
61,Upernavik,GL,2022-07-21 23:39:35,72.7868,-56.1549,45.37,95,100,14.25
62,Trujillo,PE,2022-07-21 23:40:54,-8.116,-79.03,62.56,77,73,9.22
63,Mehamn,NO,2022-07-21 23:42:35,71.0357,27.8492,58.91,100,100,13.8
64,Cap Malheureux,MU,2022-07-21 23:42:35,-19.9842,57.6142,70.47,72,76,3.0
65,Goundam,ML,2022-07-21 23:42:35,16.4145,-3.6708,91.4,44,32,8.57
66,Damietta,EG,2022-07-21 23:42:36,31.4165,31.8133,78.69,81,0,9.37
67,Esil,KZ,2022-07-21 23:42:36,51.9556,66.4042,59.05,72,0,6.6
68,Cherskiy,RU,2022-07-21 23:42:37,68.75,161.3,49.17,41,98,12.33
69,Port Lincoln,AU,2022-07-21 23:42:37,-34.7333,135.8667,56.16,62,100,19.8
70,Puebla,MX,2022-07-21 23:39:50,18.8333,-98.0,79.54,26,69,12.93
71,Dongsheng,CN,2022-07-21 23:42:37,39.8161,109.9776,57.97,78,100,10.36
72,Avarua,CK,2022-07-21 23:42:38,-21.2078,-159.775,75.25,73,100,17.27
73,Cabra,ES,2022-07-21 23:42:38,37.4725,-4.4421,75.16,55,1,7.11
74,Ixtapa,MX,2022-07-21 23:42:39,20.7,-105.2,89.22,76,26,5.01
75,San Jeronimo,PE,2022-07-21 23:42:39,-11.9472,-75.2829,51.6,66,42,5.91
76,Yumen,CN,2022-07-21 23:38:25,40.2833,97.2,69.73,25,0,6.08
77,Ladozhskaya,RU,2022-07-21 23:42:39,45.3081,39.935,59.5,71,16,6.46
78,Broken Hill,AU,2022-07-21 23:38:39,-31.95,141.4333,53.13,70,72,15.48
79,Mount Pleasant,US,2022-07-21 23:42:40,32.7941,-79.8626,86.99,75,20,9.22
80,Hermanus,ZA,2022-07-21 23:42:40,-34.4187,19.2345,44.8,74,100,4.94
81,Kodiak,US,2022-07-21 23:39:36,57.79,-152.4072,53.11,87,100,5.75
82,Luderitz,NA,2022-07-21 23:42:41,-26.6481,15.1594,62.76,52,0,7.72
83,Urusha,RU,2022-07-21 23:39:13,54.05,122.9,73.33,67,34,3.27
84,Ahipara,NZ,2022-07-21 23:42:42,-35.1667,173.1667,59.16,63,74,8.1
85,Jasper,US,2022-07-21 23:42:42,37.2001,-94.3502,103.98,21,20,4.61
86,Chicama,PE,2022-07-21 23:42:43,-7.8447,-79.1469,61.34,78,79,7.38
87,Diffa,NE,2022-07-21 23:42:43,13.3154,12.6113,80.91,61,79,6.02
88,Port Alfred,ZA,2022-07-21 23:42:43,-33.5906,26.891,57.02,80,0,9.15
89,Boden,SE,2022-07-21 23:42:44,65.8252,21.6886,62.6,94,96,3.47
90,Rikitea,PF,2022-07-21 23:42:44,-23.1203,-134.9692,74.48,80,95,22.79
91,Saint-Philippe,RE,2022-07-21 23:42:44,-21.3585,55.7679,65.21,74,50,11.41
92,Geraldton,AU,2022-07-21 23:42:45,-28.7667,114.6,54.01,94,100,6.91
93,Hobart,AU,2022-07-21 23:41:15,-42.8794,147.3294,49.26,81,20,12.66
94,Sungaipenuh,ID,2022-07-21 23:41:36,-2.0833,101.3833,64.58,96,99,3.53
95,Ambulu,ID,2022-07-21 23:40:31,-8.345,113.6058,74.75,82,99,3.42
96,Duku,NG,2022-07-21 23:43:46,11.2361,4.9073,74.88,87,53,1.83
97,Araouane,ML,2022-07-21 23:39:35,18.9048,-3.5265,90.9,39,40,10.56
98,Adrar,MR,2022-07-21 23:43:46,20.5022,-10.0711,92.19,33,80,4.61
99,Faanui,PF,2022-07-21 23:43:46,-16.4833,-151.75,77.27,73,13,10.87
100,Victoria,HK,2022-07-21 23:42:08,22.2855,114.1577,88.97,82,0,4.0
101,Nikolskoye,RU,2022-07-21 23:43:47,59.7035,30.7861,65.8,91,0,3.44
102,Thompson,CA,2022-07-21 23:40:30,55.7435,-97.8558,68.16,64,75,8.05
103,Colombo,LK,2022-07-21 23:38:53,6.9319,79.8478,78.75,87,100,13.56
104,Barcelos,PT,2022-07-21 23:43:48,41.5388,-8.6151,67.91,89,66,2.21
105,Lompoc,US,2022-07-21 23:39:02,34.6391,-120.4579,88.02,73,0,18.01
106,Leticia,CO,2022-07-21 23:43:48,-4.2153,-69.9406,78.85,89,75,4.61
107,Butaritari,KI,2022-07-21 23:43:48,3.0707,172.7902,81.23,76,66,6.49
108,Norman Wells,CA,2022-07-21 23:43:49,65.282,-126.8329,75.24,50,75,3.44
109,Bluff,NZ,2022-07-21 23:43:49,-46.6,168.3333,43.81,74,91,8.08
110,Nyagan,RU,2022-07-21 23:43:50,62.1406,65.3936,52.18,86,60,5.17
111,Komarikhinskiy,RU,2022-07-21 23:43:50,58.0979,57.1163,52.34,97,14,2.24
112,Touros,BR,2022-07-21 23:43:21,-5.1989,-35.4608,75.02,86,100,8.55
113,Tiksi,RU,2022-07-21 23:43:51,71.6872,128.8694,43.03,80,94,8.95
114,Hami,CN,2022-07-21 23:43:51,42.8,93.45,77.0,25,0,4.27
115,Sitka,US,2022-07-21 23:43:52,57.0531,-135.33,57.09,77,75,0.0
116,Immokalee,US,2022-07-21 23:43:52,26.4187,-81.4173,82.9,84,75,6.91
117,Florianopolis,BR,2022-07-21 23:43:52,-27.6146,-48.5012,65.7,83,0,14.97
118,Rawson,AR,2022-07-21 23:43:53,-43.3002,-65.1023,44.06,47,100,11.32
119,Talnakh,RU,2022-07-21 23:43:54,69.4865,88.3972,60.21,75,37,4.9
120,Liverpool,GB,2022-07-21 23:43:54,53.4106,-2.9779,62.62,76,20,4.61
121,Kalmunai,LK,2022-07-21 23:40:53,7.4167,81.8167,78.73,84,97,3.65
122,Qaanaaq,GL,2022-07-21 23:43:54,77.484,-69.3632,44.17,91,100,9.78
123,Tuktoyaktuk,CA,2022-07-21 23:43:55,69.4541,-133.0374,57.2,88,75,6.91
124,Cabedelo,BR,2022-07-21 23:43:55,-6.9811,-34.8339,74.07,86,100,7.31
125,Cayenne,GF,2022-07-21 23:43:56,4.9333,-52.3333,81.09,1,0,0.0
126,Padang,ID,2022-07-21 23:43:56,-0.9492,100.3543,73.45,86,91,4.23
127,Cape Town,ZA,2022-07-21 23:41:57,-33.9258,18.4232,57.38,82,20,1.14
128,Dingle,PH,2022-07-21 23:43:57,10.9995,122.6711,82.0,85,98,6.15
129,Salta,AR,2022-07-21 23:43:57,-24.7859,-65.4117,61.57,64,0,10.36
130,Guerrero Negro,MX,2022-07-21 23:43:57,27.9769,-114.0611,73.9,62,4,23.69
131,Namatanai,PG,2022-07-21 23:43:58,-3.6667,152.4333,84.0,68,88,5.91
132,Saint-Joseph,RE,2022-07-21 23:43:58,-21.3667,55.6167,64.2,74,35,10.67
133,Nizhniy Odes,RU,2022-07-21 23:43:59,63.6445,54.856,54.81,72,58,4.81
134,Belmonte,BR,2022-07-21 23:43:59,-15.8631,-38.8828,71.28,86,49,4.81
135,Gotera,ET,2022-07-21 23:43:59,8.9821,38.7585,56.32,89,93,2.68
136,Hilo,US,2022-07-21 23:44:00,19.7297,-155.09,84.27,88,100,6.91
137,Korla,CN,2022-07-21 23:44:00,41.7597,86.1469,76.39,32,0,1.3
138,Fort Nelson,CA,2022-07-21 23:44:00,58.8053,-122.7002,65.79,45,75,9.22
139,Itarema,BR,2022-07-21 23:41:42,-2.9248,-39.9167,78.8,75,43,13.35
140,Buraydah,SA,2022-07-21 23:44:01,26.326,43.975,88.25,13,10,4.59
141,Boundiali,CI,2022-07-21 23:44:01,9.5217,-6.4869,73.49,83,93,5.48
142,Acapulco,MX,2022-07-21 23:44:02,16.8634,-99.8901,84.78,75,92,5.48
143,Ribeira Grande,PT,2022-07-21 23:45:02,38.5167,-28.7,73.26,87,17,2.42
144,Port Hardy,CA,2022-07-21 23:45:03,50.6996,-127.4199,60.98,72,20,13.8
145,Bengkulu,ID,2022-07-21 23:45:04,-3.8004,102.2655,75.31,90,69,4.23
146,Solnechnyy,RU,2022-07-21 23:45:05,50.7214,136.6319,55.72,94,98,7.29
147,Pangnirtung,CA,2022-07-21 23:45:05,66.1451,-65.7125,45.91,87,93,1.83
148,Aklavik,CA,2022-07-21 23:45:06,68.2191,-135.0107,68.0,64,40,8.05
149,Sur,OM,2022-07-21 23:45:06,22.5667,59.5289,86.25,72,88,10.2
150,Lagoa,PT,2022-07-21 23:45:07,39.05,-27.9833,71.53,89,87,5.3
151,Bhanvad,IN,2022-07-21 23:45:07,21.9264,69.7736,80.37,84,100,11.99
152,Marsabit,KE,2022-07-21 23:45:08,2.3284,37.9899,59.59,82,16,21.85
153,Durban,ZA,2022-07-21 23:43:21,-29.8579,31.0292,65.01,86,94,3.0
154,Lashio,MM,2022-07-21 23:45:08,22.9333,97.75,69.8,98,89,1.48
155,Sabya,SA,2022-07-21 23:45:09,17.1495,42.6254,87.42,59,64,5.1
156,Airai,TL,2022-07-21 23:45:09,-8.9266,125.4092,62.06,68,97,3.96
157,Sakib,JO,2022-07-21 23:45:09,32.2833,35.8095,70.92,78,0,4.03
158,Eldorado,BR,2022-07-21 23:42:01,-23.7869,-54.2836,67.57,60,23,5.91
159,Hithadhoo,MV,2022-07-21 23:45:11,-0.6,73.0833,78.48,84,100,14.99
160,Amahai,ID,2022-07-21 23:45:12,-3.3333,128.9167,78.22,73,71,7.49
161,Camocim,BR,2022-07-21 23:43:26,-2.9022,-40.8411,78.39,79,64,10.18
162,Kiruna,SE,2022-07-21 23:45:12,67.8557,20.2251,50.92,82,100,3.44
163,Tabou,CI,2022-07-21 23:45:12,4.423,-7.3528,75.24,74,100,5.59
164,Kiama,AU,2022-07-21 23:45:13,-34.6833,150.8667,57.99,92,88,3.0
165,Aykhal,RU,2022-07-21 23:45:13,66.0,111.5,58.21,79,100,4.61
166,Harlingen,US,2022-07-21 23:45:13,26.1906,-97.6961,93.16,42,0,21.85
167,Sulangan,PH,2022-07-21 23:45:14,11.1373,123.7228,83.37,76,93,8.43
168,Bandarbeyla,SO,2022-07-21 23:42:08,9.4942,50.8122,76.51,77,13,27.94
169,West Richland,US,2022-07-21 23:44:45,46.3043,-119.3614,103.57,14,0,10.0
170,Nioro,GM,2022-07-21 23:40:48,13.35,-15.75,75.76,96,100,6.13
171,Yar-Sale,RU,2022-07-21 23:40:24,66.8333,70.8333,42.96,90,100,12.21
172,Bara,NG,2022-07-21 23:45:16,10.3744,10.7288,72.43,94,75,6.6
173,Nome,US,2022-07-21 23:44:46,64.5011,-165.4064,48.27,72,100,11.5
174,Viedma,AR,2022-07-21 23:40:28,-40.8135,-62.9967,44.04,49,98,9.75
175,Longyearbyen,SJ,2022-07-21 23:41:37,78.2186,15.6401,49.84,87,75,2.3
176,Mackay,AU,2022-07-21 23:45:17,-21.15,149.2,67.68,72,23,7.07
177,Matagami,CA,2022-07-21 23:45:17,49.7502,-77.6328,62.71,94,100,10.36
178,Amapa,BR,2022-07-21 23:45:18,1.0,-52.0,74.57,87,92,2.82
179,Guanambi,BR,2022-07-21 23:44:21,-14.2233,-42.7814,70.47,56,8,9.46
180,Srednekolymsk,RU,2022-07-21 23:45:18,67.45,153.6833,55.72,38,0,7.54
181,Torbay,CA,2022-07-21 23:45:19,47.6666,-52.7314,64.89,78,75,4.61
182,Aljustrel,PT,2022-07-21 23:45:19,37.8776,-8.1652,75.07,60,14,6.13
183,Mildura,AU,2022-07-21 23:45:20,-34.2,142.15,50.07,86,48,16.51
184,Praia Da Vitoria,PT,2022-07-21 23:45:20,38.7333,-27.0667,73.65,83,40,2.62
185,Carlsbad,US,2022-07-21 23:40:21,33.1581,-117.3506,94.37,68,0,11.5
186,Tual,ID,2022-07-21 23:46:20,-5.6667,132.75,78.91,69,76,18.54
187,Southbridge,US,2022-07-21 23:46:21,42.0751,-72.0334,87.04,97,75,5.46
188,Dikson,RU,2022-07-21 23:46:22,73.5069,80.5464,45.25,92,99,14.12
189,Great Yarmouth,GB,2022-07-21 23:46:22,52.6083,1.7305,60.03,81,35,7.49
190,Bethel,US,2022-07-21 23:44:13,41.3712,-73.414,85.33,77,31,8.59
191,Ostrovnoy,RU,2022-07-21 23:46:23,68.0531,39.5131,56.86,84,98,6.02
192,Saint-Augustin,CA,2022-07-21 23:46:23,51.226,-58.6502,64.35,65,74,2.75
193,Nadym,RU,2022-07-21 23:46:23,65.5333,72.5167,48.45,68,100,7.99
194,Ayios Vasilios,GR,2022-07-21 23:46:24,37.8,22.8,73.29,34,0,2.71
195,Malanje,AO,2022-07-21 23:46:24,-9.5402,16.341,69.03,48,89,4.03
196,Sayyan,YE,2022-07-21 23:46:24,15.1718,44.3244,63.0,67,58,1.72
197,Ranong,TH,2022-07-21 23:46:25,9.9658,98.6348,75.13,87,100,5.03
198,Boca Do Acre,BR,2022-07-21 23:46:25,-8.7522,-67.3978,78.35,56,5,1.36
199,Provideniya,RU,2022-07-21 23:46:26,64.3833,-173.3,42.91,87,100,27.0
200,Porto Santo,PT,2022-07-21 23:46:26,33.072,-16.3415,68.38,73,75,17.27
201,Opelousas,US,2022-07-21 23:46:27,30.5335,-92.0815,93.88,79,75,8.05
202,Port Elizabeth,ZA,2022-07-21 23:46:27,-33.918,25.5701,52.09,97,0,6.91
203,Hastings,GB,2022-07-21 23:46:27,50.8552,0.5729,64.78,83,70,15.26
204,Norfolk,US,2022-07-21 23:46:28,42.1668,-71.2495,83.82,70,0,9.22
205,Souillac,MU,2022-07-21 23:46:28,-20.5167,57.5167,68.38,77,40,11.5
206,Bagdarin,RU,2022-07-21 23:46:29,54.4333,113.6,67.17,75,98,2.75
207,Barra,BR,2022-07-21 23:46:29,-11.0894,-43.1417,73.51,50,17,9.17
208,Waw,SS,2022-07-21 23:46:30,7.7029,27.9953,69.71,95,100,2.59
209,Saskylakh,RU,2022-07-21 23:46:30,71.9167,114.0833,52.63,62,100,7.81
210,Tuatapere,NZ,2022-07-21 23:46:31,-46.1333,167.6833,44.96,91,99,2.73
211,Richards Bay,ZA,2022-07-21 23:46:03,-28.783,32.0377,66.02,86,82,6.33
212,Ancud,CL,2022-07-21 23:46:31,-41.8697,-73.8203,40.23,94,100,7.02
213,Topeka,US,2022-07-21 23:46:32,39.0483,-95.678,98.98,35,0,4.61
214,Katherine,AU,2022-07-21 23:46:32,-14.4667,132.2667,64.72,48,23,4.61
215,Nemuro,JP,2022-07-21 23:46:32,43.3236,145.575,60.31,85,1,4.09
216,Dutlwe,BW,2022-07-21 23:46:33,-23.9833,23.9,55.49,55,14,8.32
217,Kambove,CD,2022-07-21 23:46:33,-10.8764,26.5969,58.62,62,17,5.75
218,Kitaibaraki,JP,2022-07-21 23:46:34,36.7833,140.75,77.14,99,100,6.51
219,Beringovskiy,RU,2022-07-21 23:46:34,63.05,179.3167,51.46,60,28,10.89
220,Arraial Do Cabo,BR,2022-07-21 23:46:34,-22.9661,-42.0278,66.16,88,0,4.61
221,Vila Velha,BR,2022-07-21 23:46:35,-20.3297,-40.2925,71.55,90,75,3.44
222,Tres Arroyos,AR,2022-07-21 23:46:35,-38.3739,-60.2798,44.65,32,83,6.82
223,Okhotsk,RU,2022-07-21 23:46:36,59.3833,143.3,62.46,81,100,5.23
224,Webuye,KE,2022-07-21 23:46:36,0.6075,34.7697,61.0,93,98,2.44
225,Mount Isa,AU,2022-07-21 23:46:37,-20.7333,139.5,56.97,33,0,6.91
226,Katsuura,JP,2022-07-21 23:46:37,35.1333,140.3,84.22,86,38,16.31
227,Sao Felix Do Xingu,BR,2022-07-21 23:46:38,-6.6447,-51.995,75.72,47,20,1.72
228,Northam,GB,2022-07-21 23:47:38,51.0333,-4.2167,59.4,89,100,7.92
229,Zhangye,CN,2022-07-21 23:47:39,38.9342,100.4517,64.56,39,0,7.76
230,Batelov,CZ,2022-07-21 23:47:39,49.3143,15.3947,65.61,92,69,2.77
231,Ponta Delgada,PT,2022-07-21 23:47:39,37.7333,-25.6667,72.5,88,20,3.44
232,Chimore,BO,2022-07-21 23:43:08,-16.9833,-65.1333,73.18,69,74,2.44
233,Georgetown,MY,2022-07-21 23:45:40,5.4112,100.3354,80.53,93,20,3.44
234,Grand-Santi,GF,2022-07-21 23:47:40,4.25,-54.3833,72.73,98,82,2.59
235,Nakusp,CA,2022-07-21 23:47:41,50.2499,-117.8023,92.48,34,22,3.44
236,Vostok,RU,2022-07-21 23:47:41,46.4856,135.8833,61.63,97,98,1.48
237,Tocopilla,CL,2022-07-21 23:47:41,-22.092,-70.1979,61.66,78,79,6.71
238,Dagana,MR,2022-07-21 23:47:42,16.5165,-15.5068,81.18,65,77,8.79
239,Husavik,IS,2022-07-21 23:47:42,66.0449,-17.3389,48.56,86,55,3.02
240,Lazaro Cardenas,MX,2022-07-21 23:47:43,17.9583,-102.2,85.93,71,41,6.35
241,Kuala Kedah,MY,2022-07-21 23:47:43,6.1,100.3,77.0,100,20,2.3
242,Mancio Lima,BR,2022-07-21 23:47:44,-7.6142,-72.8958,80.67,69,0,0.0
243,Kamaishi,JP,2022-07-21 23:47:44,39.2667,141.8833,71.89,98,98,3.38
244,Puerto Carreno,CO,2022-07-21 23:45:11,6.189,-67.4859,78.78,89,40,3.44
245,Arlit,NE,2022-07-21 23:47:45,18.7369,7.3853,94.78,15,35,9.06
246,Bloemfontein,ZA,2022-07-21 23:44:28,-29.1211,26.214,36.88,81,0,2.3
247,San Carlos De Bariloche,AR,2022-07-21 23:47:45,-41.1456,-71.3082,35.24,93,75,18.41
248,Daru,PG,2022-07-21 23:47:46,-9.0763,143.2092,79.34,84,47,6.76
249,Kyra,RU,2022-07-21 23:47:46,49.5776,111.9753,67.06,85,100,3.89
250,Harbour Breton,CA,2022-07-21 23:47:46,47.4833,-55.7983,60.89,87,84,7.76
251,San Policarpo,PH,2022-07-21 23:47:47,12.1791,125.5072,83.55,80,81,8.72
252,Simao,CN,2022-07-21 23:47:47,22.7886,100.9748,67.32,95,100,1.52
253,Camp Verde,US,2022-07-21 23:47:48,34.5636,-111.8543,108.14,20,100,6.53
254,Egvekinot,RU,2022-07-21 23:47:48,66.3167,-179.1667,46.29,50,80,10.83
255,Mayo,US,2022-07-21 23:43:52,38.8876,-76.5119,89.19,85,100,6.91
256,Ust-Tsilma,RU,2022-07-21 23:47:49,65.441,52.1498,48.87,72,56,5.08
257,Xichang,CN,2022-07-21 23:47:49,27.8964,102.2634,67.01,91,100,0.85
258,Orlik,RU,2022-07-21 23:47:50,52.5178,99.825,55.45,71,93,0.25
259,Eskil,TR,2022-07-21 23:47:50,38.4017,33.4131,64.56,40,0,6.78
260,Bathsheba,BB,2022-07-21 23:44:33,13.2167,-59.5167,83.01,89,20,20.71
261,Los Llanos De Aridane,ES,2022-07-21 23:47:51,28.6585,-17.9182,67.75,83,11,17.27
262,Ponta Do Sol,PT,2022-07-21 23:47:52,32.6667,-17.1,70.43,81,2,5.53
263,Aberdeen,GB,2022-07-21 23:47:42,57.1437,-2.0981,55.49,92,75,2.3
264,Marawi,PH,2022-07-21 23:47:52,7.9986,124.2928,74.55,81,95,1.41
265,Isangel,VU,2022-07-21 23:47:53,-19.55,169.2667,80.56,69,4,16.26
266,Thakurdwara,IN,2022-07-21 23:47:53,29.2,78.85,80.6,77,100,6.51
267,Esperance,AU,2022-07-21 23:47:53,-33.8667,121.9,53.17,81,41,17.22
268,Puri,IN,2022-07-21 23:47:54,19.8,85.85,81.12,78,100,3.6
269,Felanitx,ES,2022-07-21 23:47:55,39.4696,3.1483,79.14,76,0,1.21
270,Saldanha,ZA,2022-07-21 23:47:55,-33.0117,17.9442,42.85,81,99,8.46
271,Cabo San Lucas,MX,2022-07-21 23:44:03,22.8909,-109.9124,97.9,60,59,13.71
272,Sorland,NO,2022-07-21 23:47:56,67.667,12.6934,51.66,93,100,21.97
273,Khatanga,RU,2022-07-21 23:48:56,71.9667,102.5,55.15,68,100,12.3
274,Bata,GQ,2022-07-21 23:48:57,1.8639,9.7658,74.48,89,58,8.03
275,Povazska Bystrica,SK,2022-07-21 23:48:57,49.1215,18.4217,76.33,72,0,3.44
276,Qaqortoq,GL,2022-07-21 23:48:43,60.7167,-46.0333,48.02,83,7,8.23
277,Whitehorse,CA,2022-07-21 23:48:11,60.7161,-135.0538,63.81,46,75,16.11
278,Camacha,PT,2022-07-21 23:48:58,33.0833,-16.3333,65.62,73,75,17.27
279,Mayumba,GA,2022-07-21 23:48:58,-3.432,10.6554,69.75,94,55,6.44
280,Hauterive,FR,2022-07-21 23:48:58,46.0901,3.4459,66.96,71,0,2.13
281,Yerbogachen,RU,2022-07-21 23:48:59,61.2767,108.0108,66.45,63,59,3.62
282,Kieta,PG,2022-07-21 23:48:59,-6.2167,155.6333,84.78,58,78,3.38
283,Tautira,PF,2022-07-21 23:49:00,-17.7333,-149.15,74.79,79,18,11.12
284,Merauke,ID,2022-07-21 23:49:01,-8.4667,140.3333,79.45,75,41,10.02
285,Gat,IL,2022-07-21 23:49:01,31.61,34.7642,75.88,100,2,1.9
286,Kenai,US,2022-07-21 23:49:02,60.5544,-151.2583,60.89,79,100,9.22
287,Libenge,CD,2022-07-21 23:49:02,3.65,18.6333,69.44,99,100,2.95
288,Humaita,BR,2022-07-21 23:49:02,-7.5061,-63.0208,83.34,48,69,1.25
289,Bolobo,CD,2022-07-21 23:49:03,-2.1667,16.2333,73.29,78,61,1.21
290,Rudbar,AF,2022-07-21 23:49:03,30.15,62.6,89.51,15,12,5.66
291,Havre-Saint-Pierre,CA,2022-07-21 23:49:04,50.2334,-63.5986,64.76,63,100,5.75
292,Severo-Kurilsk,RU,2022-07-21 23:49:04,50.6789,156.125,53.64,96,100,21.81
293,Lavrentiya,RU,2022-07-21 23:49:04,65.5833,-171.0,39.83,83,100,21.41
294,Makakilo City,US,2022-07-21 23:49:05,21.3469,-158.0858,86.32,54,75,21.85
295,Owando,CG,2022-07-21 23:49:05,-0.4819,15.8999,71.92,89,59,3.47
296,Jumla,NP,2022-07-21 23:49:06,29.2747,82.1838,63.19,97,100,0.78
297,Carnarvon,AU,2022-07-21 23:49:06,-24.8667,113.6333,60.39,75,26,16.53
298,Taksimo,RU,2022-07-21 23:49:06,56.3444,114.8794,62.65,86,100,1.7
299,Severo-Yeniseyskiy,RU,2022-07-21 23:49:07,60.3725,93.0408,57.06,77,36,3.42
300,Kahului,US,2022-07-21 23:49:07,20.8947,-156.47,84.22,66,40,19.57
301,Ouallam,NE,2022-07-21 23:49:07,14.3188,2.0866,87.03,50,94,9.26
302,Salihorsk,BY,2022-07-21 23:49:08,52.7876,27.5415,60.53,89,4,7.54
303,Westport,US,2022-07-21 23:48:35,41.1415,-73.3579,87.3,86,0,5.75
304,Tessalit,ML,2022-07-21 23:49:08,20.1986,1.0114,89.19,35,54,5.88
305,Riyadh,SA,2022-07-21 23:48:16,24.6877,46.7219,93.34,11,28,9.08
306,Sampit,ID,2022-07-21 23:49:09,-2.5333,112.95,75.67,97,86,2.37
307,Fortuna,US,2022-07-21 23:49:09,40.5982,-124.1573,68.94,72,42,4.0
308,Yaan,NG,2022-07-21 23:49:10,7.3833,8.5667,70.92,96,96,5.3
309,Leshukonskoye,RU,2022-07-21 23:49:10,64.8989,45.7622,49.06,87,15,3.83
310,Jovellar,PH,2022-07-21 23:49:11,13.0695,123.5999,83.97,79,20,6.91
311,Altay,CN,2022-07-21 23:49:11,47.8667,88.1167,66.34,53,87,3.69
312,Grants Pass,US,2022-07-21 23:49:12,42.439,-123.3284,99.48,15,0,9.22
313,Torrington,US,2022-07-21 23:46:48,41.8007,-73.1212,84.76,80,33,6.55
314,Wembley,AU,2022-07-21 23:49:12,-31.9333,115.8,53.02,96,40,6.91
315,Ust-Nera,RU,2022-07-21 23:49:13,64.5667,143.2,69.6,58,41,4.85
316,Mangrol,IN,2022-07-21 23:45:36,21.1167,70.1167,81.45,82,100,15.35
317,Paamiut,GL,2022-07-21 23:49:13,61.994,-49.6678,47.79,82,7,8.14
318,Zhoucheng,CN,2022-07-21 23:50:14,35.9122,116.3117,79.66,73,63,6.15
319,Hovd,MN,2022-07-21 23:50:14,48.0056,91.6419,64.09,41,90,3.18
320,Caravelas,BR,2022-07-21 23:50:15,-17.7125,-39.2481,70.81,85,4,5.95
321,Slave Lake,CA,2022-07-21 23:46:57,55.2834,-114.769,71.58,46,20,16.11
322,Abnub,EG,2022-07-21 23:50:15,27.2696,31.1511,80.82,33,0,14.23
323,Kijini,TZ,2022-07-21 23:50:16,-5.85,39.3167,73.13,78,0,10.98
324,Zhezkazgan,KZ,2022-07-21 23:50:16,47.8043,67.7144,72.77,40,48,9.17
325,Inhambane,MZ,2022-07-21 23:50:16,-23.865,35.3833,66.9,85,0,3.36
326,Portland,US,2022-07-21 23:49:29,45.5234,-122.6762,89.56,49,75,5.75
327,Lithakia,GR,2022-07-21 23:50:17,37.7167,20.8333,77.16,69,0,1.07
328,Hoganas,SE,2022-07-21 23:50:17,56.1997,12.558,66.6,77,50,5.99
329,Cockburn Town,TC,2022-07-21 23:50:18,21.4612,-71.1419,82.13,84,28,20.33
330,Rock Sound,BS,2022-07-21 23:50:18,24.9,-76.2,82.58,76,38,14.45
331,Valcele,RO,2022-07-21 23:50:18,45.85,25.6833,64.24,52,0,2.08
332,Cheney,US,2022-07-21 23:50:19,47.4874,-117.5758,94.32,17,40,14.97
333,Ossora,RU,2022-07-21 23:50:19,59.2353,163.0719,61.66,62,2,8.93
334,Sainte-Rose,GP,2022-07-21 23:50:20,16.3324,-61.6979,82.44,74,75,6.91
335,Avera,US,2022-07-21 23:50:20,33.194,-82.5271,86.05,67,100,6.73
336,Bambous Virieux,MU,2022-07-21 23:50:20,-20.3428,57.7575,69.22,77,40,11.5
337,Baryatino,RU,2022-07-21 23:50:21,54.3121,34.521,53.38,94,10,9.86
338,San Quintin,MX,2022-07-21 23:50:21,30.4833,-115.95,75.34,62,100,14.79
339,Mackenzie,CA,2022-07-21 23:50:22,55.2999,-123.1698,73.62,31,20,8.05
340,Salym,RU,2022-07-21 23:50:22,60.0625,71.4789,49.21,83,38,6.2
341,Walvis Bay,NA,2022-07-21 23:50:22,-22.9575,14.5053,56.35,67,0,3.44
342,Antofagasta,CL,2022-07-21 23:50:23,-23.65,-70.4,58.28,88,24,6.13
343,Naze,JP,2022-07-21 23:50:23,28.3667,129.4833,85.12,79,41,13.44
344,Omboue,GA,2022-07-21 23:50:24,-1.5746,9.2618,71.38,90,76,7.05
345,Bilibino,RU,2022-07-21 23:50:24,68.0546,166.4372,45.16,59,99,9.69
346,Chardara,KZ,2022-07-21 23:50:24,41.2547,67.9692,80.4,25,0,11.12
347,Amga,RU,2022-07-21 23:50:25,60.8953,131.9608,72.5,68,29,4.07
348,Mitsamiouli,KM,2022-07-21 23:50:25,-11.3847,43.2844,74.82,71,5,5.28
349,Gallup,US,2022-07-21 23:47:04,35.5281,-108.7426,96.64,14,0,14.97
350,Raudeberg,NO,2022-07-21 23:50:26,61.9875,5.1352,52.47,78,67,11.5
351,Hounde,BF,2022-07-21 23:50:26,11.5,-3.5167,77.72,69,75,3.18
352,Sao Gabriel Da Cachoeira,BR,2022-07-21 23:50:27,-0.1303,-67.0892,73.18,97,98,1.74
353,Davila,PH,2022-07-21 23:50:27,18.4726,120.5763,80.58,71,0,5.3
354,Gambo,CF,2022-07-21 23:50:27,4.6482,22.2633,68.97,100,100,2.24
355,Alugan,PH,2022-07-21 23:50:28,12.2188,125.4808,83.71,79,100,8.5
356,Garzon,CO,2022-07-21 23:49:31,2.1959,-75.6278,67.78,89,79,3.91
357,Yulara,AU,2022-07-21 23:50:28,-25.2406,130.9889,56.07,32,0,4.03
358,Nizhniy Kuranakh,RU,2022-07-21 23:50:29,58.8353,125.4869,71.13,71,44,1.59
359,Cartagena,CO,2022-07-21 23:47:45,10.3997,-75.5144,82.02,83,40,13.8
360,Bassar,TG,2022-07-21 23:50:29,9.25,0.7833,70.29,86,24,3.0
361,Lucapa,AO,2022-07-21 23:50:30,-8.4192,20.7447,70.56,50,43,2.35
362,Sri Aman,MY,2022-07-21 23:50:30,1.2376,111.4621,77.09,94,99,2.3
363,Sisimiut,GL,2022-07-21 23:51:30,66.9395,-53.6735,47.48,85,100,8.08
364,Naryan-Mar,RU,2022-07-21 23:51:31,67.6713,53.087,42.64,88,84,6.71
365,Kyshtovka,RU,2022-07-21 23:51:31,56.555,76.6271,57.42,98,98,6.98
366,Ures,MX,2022-07-21 23:51:31,29.4333,-110.4,101.98,25,85,9.57
367,Kolosovka,RU,2022-07-21 23:51:32,56.4678,73.611,54.93,97,86,7.56
368,Pedernales,DO,2022-07-21 23:51:32,18.0384,-71.744,83.98,69,16,13.8
369,Sechura,PE,2022-07-21 23:51:33,-5.5569,-80.8222,68.0,66,46,15.03
370,Hirara,JP,2022-07-21 23:51:33,24.8,125.2833,86.27,79,40,9.22
371,Bireun,ID,2022-07-21 23:51:33,5.203,96.7009,76.19,86,89,4.7
372,Oranjemund,NA,2022-07-21 23:51:34,-28.55,16.4333,54.41,83,1,5.79
373,Baykit,RU,2022-07-21 23:51:34,61.67,96.37,62.89,72,22,3.33
374,Pochinki,RU,2022-07-21 23:51:34,54.6988,44.8668,58.19,96,100,9.91
375,Mikuni,JP,2022-07-21 23:51:35,36.2171,136.1519,76.91,85,72,11.68
376,Kijang,KR,2022-07-21 23:51:35,35.2442,129.2139,80.33,70,0,2.84
377,Isla Mujeres,MX,2022-07-21 23:51:36,21.2311,-86.731,86.16,73,83,9.31
378,Deputatskiy,RU,2022-07-21 23:51:36,69.3,139.9,51.53,59,13,12.15
379,Mar Del Plata,AR,2022-07-21 23:47:16,-38.0023,-57.5575,51.1,67,0,2.3
380,Brazzaville,CG,2022-07-21 23:51:36,-4.2658,15.2832,76.66,63,54,4.38
381,Qasigiannguit,GL,2022-07-21 23:51:37,68.8193,-51.1922,42.6,96,100,7.92
382,Nisia Floresta,BR,2022-07-21 23:51:37,-6.0911,-35.2086,75.58,93,100,6.06
383,Ayan,RU,2022-07-21 23:51:37,56.45,138.1667,58.48,89,100,6.26
384,Necochea,AR,2022-07-21 23:50:04,-38.5473,-58.7368,44.31,44,89,5.08
385,Yarmouth,US,2022-07-21 23:51:38,41.7057,-70.2286,79.65,90,100,19.57
386,Jalu,LY,2022-07-21 23:51:38,29.0331,21.5482,76.08,50,0,10.38
387,Tinaogan,PH,2022-07-21 23:51:39,9.7791,123.1503,83.5,77,96,5.01
388,Port-Gentil,GA,2022-07-21 23:51:39,-0.7193,8.7815,75.16,88,100,8.05
389,Vardo,NO,2022-07-21 23:51:31,70.3705,31.1107,55.38,94,75,10.36
390,Mlowo,TZ,2022-07-21 23:51:40,-9.0,32.9833,51.69,91,48,4.54
391,Yanam,IN,2022-07-21 23:51:40,16.7333,82.2167,79.03,85,100,5.68
392,Ambilobe,MG,2022-07-21 23:51:41,-13.2,49.05,64.2,75,15,5.06
393,Nanakuli,US,2022-07-21 23:51:41,21.3906,-158.1547,87.75,52,75,17.27
394,Gazanjyk,TM,2022-07-21 23:50:26,39.2446,55.5154,81.41,58,0,12.28
395,Griffith,US,2022-07-21 23:48:00,41.5284,-87.4237,90.09,58,40,16.11
396,Kibala,TD,2022-07-21 23:51:42,9.1104,18.3463,73.42,87,91,3.04
397,Tamiahua,MX,2022-07-21 23:51:42,21.2667,-97.45,85.21,73,70,13.53
398,Saint-Leu,RE,2022-07-21 23:51:43,-21.15,55.2833,65.23,66,23,3.02
399,Zambezi,ZM,2022-07-21 23:51:43,-13.5432,23.1047,62.8,46,66,5.95
400,Clarence Town,AU,2022-07-21 23:51:43,-32.5833,151.7833,66.94,80,99,7.85
401,Marfino,RU,2022-07-21 23:51:44,55.7028,37.3822,62.94,80,0,8.95
402,Buin,CL,2022-07-21 23:51:44,-33.7333,-70.75,60.12,64,0,4.36
403,Grafton,US,2022-07-21 23:51:44,42.207,-71.6856,86.0,70,0,9.22
404,Reforma,MX,2022-07-21 23:51:45,18.1,-91.0167,82.53,72,55,6.67
405,Bontang,ID,2022-07-21 23:51:45,0.1333,117.5,78.6,86,70,2.28
406,Barreirinhas,BR,2022-07-21 23:51:46,-2.7469,-42.8264,76.03,81,53,5.61
407,Coro,VE,2022-07-21 23:51:46,11.4045,-69.6734,79.79,84,56,17.34
408,Majene,ID,2022-07-21 23:51:46,-3.5403,118.9707,78.67,88,85,12.68
409,Tigzirt,DZ,2022-07-21 23:51:47,36.8886,4.1198,77.74,67,0,6.62
410,Lilongwe,MW,2022-07-21 23:50:32,-13.9669,33.7873,58.57,62,3,3.49
411,Sao Joao Da Barra,BR,2022-07-21 23:50:41,-21.6403,-41.0511,70.12,87,3,9.82
412,Nuuk,GL,2022-07-21 23:52:47,64.1835,-51.7216,48.16,80,85,9.28
413,Alice Springs,AU,2022-07-21 23:52:48,-23.7,133.8833,51.35,40,0,5.75
414,Tevriz,RU,2022-07-21 23:52:48,57.509,72.4042,53.24,95,89,6.96
415,Tripoli,LY,2022-07-21 23:52:48,32.8752,13.1875,79.11,65,0,8.79
416,Saint-Francois,FR,2022-07-21 23:52:49,46.4154,3.9054,60.67,94,0,2.3
417,Calabozo,VE,2022-07-21 23:52:49,8.9242,-67.4293,76.14,90,46,4.05
418,Maarianhamina,AX,2022-07-21 23:52:49,60.0973,19.9348,67.86,83,86,5.75
419,Coahuayana,MX,2022-07-21 23:48:35,18.7333,-103.6833,86.18,76,91,5.88
420,Ust-Omchug,RU,2022-07-21 23:52:50,61.15,149.6333,65.32,60,58,4.81
421,Brae,GB,2022-07-21 23:52:50,60.3964,-1.353,49.71,87,51,8.25
422,Arman,RU,2022-07-21 23:52:51,59.7,150.1667,73.02,72,48,4.0
423,Honggang,CN,2022-07-21 23:52:51,46.4667,124.8667,78.49,63,1,5.91
424,Stornoway,GB,2022-07-21 23:52:52,58.2093,-6.3865,53.92,88,75,4.61
425,San Cristobal,VE,2022-07-21 23:52:52,7.7669,-72.225,75.38,97,59,3.4
426,Springbok,ZA,2022-07-21 23:52:52,-29.6643,17.8865,53.8,40,27,8.61
427,Kargil,IN,2022-07-21 23:52:53,34.5667,76.1,58.39,65,85,7.05
428,Luanda,AO,2022-07-21 23:52:53,-8.8368,13.2343,66.97,87,51,7.56
429,Aksu,CN,2022-07-21 23:52:53,41.1231,80.2644,75.92,28,0,3.96
430,Ghanzi,BW,2022-07-21 23:52:54,-21.5667,21.7833,52.45,51,10,7.65
431,Lujan,AR,2022-07-21 23:52:54,-34.5703,-59.105,51.94,82,95,3.0
432,Kenora,CA,2022-07-21 23:52:54,49.8167,-94.4337,79.77,34,40,15.01
433,Nishihara,JP,2022-07-21 23:52:55,26.1842,127.7558,87.08,84,40,16.11
434,Plettenberg Bay,ZA,2022-07-21 23:52:55,-34.0527,23.3716,55.13,63,74,4.88
435,Trapani,IT,2022-07-21 23:52:55,37.8333,12.6667,77.88,78,0,1.14
436,Vestmannaeyjar,IS,2022-07-21 23:52:56,63.4427,-20.2734,52.16,96,100,5.37
437,Igarka,RU,2022-07-21 23:49:55,67.4667,86.5833,57.7,70,85,8.95
438,Aksha,RU,2022-07-21 23:52:56,50.2814,113.2867,69.26,79,82,2.08
439,La Crosse,US,2022-07-21 23:52:57,43.8014,-91.2396,84.13,48,0,13.8
440,Touho,NC,2022-07-21 23:52:57,-20.7833,165.2333,77.0,78,70,9.06
441,Lichinga,MZ,2022-07-21 23:52:57,-13.3128,35.2406,53.69,76,0,9.22
442,Romitan,UZ,2022-07-21 23:52:58,39.9343,64.3814,76.95,36,0,9.22
443,Pangody,RU,2022-07-21 23:52:58,65.85,74.4859,43.72,86,100,8.84
444,Luebo,CD,2022-07-21 23:52:59,-5.35,21.4167,76.69,45,62,1.48
445,Krasnoselkup,RU,2022-07-21 23:52:59,65.7,82.4667,48.33,89,34,2.04
446,Muravlenko,RU,2022-07-21 23:52:59,63.7898,74.523,50.29,62,87,5.21
447,Chimoio,MZ,2022-07-21 23:53:00,-19.1164,33.4833,60.66,88,75,3.22
448,Samarinda,ID,2022-07-21 23:53:00,-0.5,117.15,76.55,96,71,1.9
449,Carolina,PR,2022-07-21 23:48:23,18.3808,-65.9574,80.49,92,75,8.05
450,Chisec,GT,2022-07-21 23:53:01,15.8167,-90.2833,86.23,82,70,4.25
451,Tondano,ID,2022-07-21 23:53:01,1.3038,124.9112,73.49,79,53,3.47
452,Sangar,RU,2022-07-21 23:53:01,63.9242,127.4739,63.32,92,85,3.85
453,Leningradskiy,RU,2022-07-21 23:53:02,69.3833,178.4167,36.19,99,100,6.35
454,Marshfield,US,2022-07-21 23:51:04,44.6689,-90.1718,81.48,47,0,12.66
455,Kupang,ID,2022-07-21 23:53:02,-10.1667,123.5833,78.78,67,99,13.69
456,La Seyne-Sur-Mer,FR,2022-07-21 23:53:03,43.0982,5.8847,79.88,66,0,1.01
457,La Primavera,CO,2022-07-21 23:53:03,5.4906,-70.4092,74.3,91,97,3.42
458,Ornskoldsvik,SE,2022-07-21 23:53:04,63.2909,18.7153,61.75,88,100,17.27
459,Tshikapa,CD,2022-07-21 23:54:04,-6.4167,20.8,74.91,44,21,2.01
460,Matamoros,MX,2022-07-21 23:54:05,25.5333,-103.25,95.09,19,24,23.47
461,Siilinjarvi,FI,2022-07-21 23:54:06,63.0833,27.6667,64.42,77,0,2.3
462,Igrim,RU,2022-07-21 23:54:06,63.1906,64.4162,50.99,58,48,7.52
463,Cambara,BR,2022-07-21 23:50:26,-23.0464,-50.0736,69.33,55,57,3.47
464,Kargasok,RU,2022-07-21 23:54:07,59.0556,80.8572,57.56,97,100,5.01
465,Athens,GR,2022-07-21 23:54:07,37.9795,23.7162,84.18,36,0,1.99
466,Almazar,UZ,2022-07-21 23:54:07,40.3217,69.0106,78.69,21,0,7.47
467,Myre,NO,2022-07-21 23:54:08,69.1036,15.9492,53.55,88,100,10.94
468,Sinnamary,GF,2022-07-21 23:54:08,5.3833,-52.95,77.95,86,33,8.81
469,Jining,CN,2022-07-21 23:54:09,35.405,116.5814,79.56,74,61,4.81
470,Pizarro,CO,2022-07-21 23:54:09,4.9533,-77.366,76.32,89,99,3.42
471,Shingu,JP,2022-07-21 23:54:09,33.7333,135.9833,84.97,72,10,3.96
472,Kulhudhuffushi,MV,2022-07-21 23:54:10,6.6221,73.07,81.61,78,100,18.68
473,Mocuba,MZ,2022-07-21 23:51:41,-16.8392,36.9856,60.75,96,5,1.7
474,Kozulka,UA,2022-07-21 23:54:10,50.0351,23.797,61.48,80,0,1.52
475,Seymchan,RU,2022-07-21 23:54:11,62.8833,152.4333,60.31,50,97,2.75
476,Salamiyah,SY,2022-07-21 23:54:11,35.0113,37.0532,71.01,75,0,10.49
477,Salgar,CO,2022-07-21 23:54:11,5.965,-75.9654,65.68,98,71,3.83
478,Namibe,AO,2022-07-21 23:54:10,-15.1961,12.1522,62.13,89,21,3.31
479,Batagay-Alyta,RU,2022-07-21 23:54:12,67.8006,130.4114,58.98,61,90,4.81
480,Puerto Colombia,CO,2022-07-21 23:50:19,10.9878,-74.9547,82.49,83,96,10.16
481,Asfi,MA,2022-07-21 23:54:12,32.2994,-9.2372,77.72,66,99,12.91
482,Taywarah,AF,2022-07-21 23:54:13,33.35,64.4167,62.74,23,0,5.46
483,Tilichiki,RU,2022-07-21 23:54:13,60.4667,166.1,62.74,44,0,6.51
484,Neryungri,RU,2022-07-21 23:54:14,56.6709,124.6491,68.27,78,60,3.29
485,Virginia Beach,US,2022-07-21 23:51:35,36.8529,-75.978,79.02,90,100,5.75
486,Oxapampa,PE,2022-07-21 23:54:14,-10.5775,-75.4017,60.71,97,52,0.87
487,Eten,PE,2022-07-21 23:54:14,-6.9081,-79.8642,66.45,63,0,16.11
488,Petauke,ZM,2022-07-21 23:54:15,-14.2426,31.3253,59.54,69,36,6.08
489,Roald,NO,2022-07-21 23:54:15,62.5833,6.1333,56.16,82,100,4.61
490,Imbituba,BR,2022-07-21 23:54:16,-28.24,-48.6703,67.08,92,38,7.29
491,Port Hedland,AU,2022-07-21 23:54:16,-20.3167,118.5667,62.65,100,0,5.75
492,Sawtell,AU,2022-07-21 23:54:03,-30.3833,153.1,59.02,88,75,20.71
493,Oxford,GB,2022-07-21 23:52:25,51.7522,-1.256,66.36,85,100,9.55
494,Russell,US,2022-07-21 23:54:17,32.3502,-85.1999,76.23,94,40,10.36
495,Abasolo,MX,2022-07-21 23:54:17,20.45,-101.5167,88.38,16,35,2.33
496,Teluk Nibung,ID,2022-07-21 23:54:18,3.001,99.8164,75.47,92,100,3.56
497,Tazovskiy,RU,2022-07-21 23:54:18,67.4667,78.7,43.88,83,100,6.49
498,Puerto Escondido,MX,2022-07-21 23:54:19,15.85,-97.0667,83.97,79,92,2.82
499,Broome,US,2022-07-21 23:54:19,42.2506,-75.833,81.48,57,68,5.75
500,Penha,BR,2022-07-21 23:54:19,-26.7694,-48.6458,64.27,94,20,3.44
501,Votice,CZ,2022-07-21 23:54:20,49.6401,14.6381,66.22,80,8,3.51
502,Haines Junction,CA,2022-07-21 23:54:20,60.7522,-137.5108,64.35,42,100,9.22
503,Onega,RU,2022-07-21 23:54:21,63.9061,38.1404,62.15,72,47,2.13
504,Primero De Marzo,PY,2022-07-21 23:54:21,-25.153,-56.928,71.01,55,13,6.08
505,Newport,GB,2022-07-21 23:54:21,51.5877,-2.9984,66.69,75,92,8.39
506,Marystown,CA,2022-07-21 23:55:22,47.1666,-55.1483,62.85,100,38,5.99
507,Uchiza,PE,2022-07-21 23:55:22,-8.4592,-76.4633,73.49,81,78,2.89
508,Poum,NC,2022-07-21 23:55:23,-20.2333,164.0167,77.79,81,75,21.34
509,Udachnyy,RU,2022-07-21 23:55:23,66.4167,112.4,50.45,100,100,3.11
510,Rafaela,AR,2022-07-21 23:55:23,-31.2503,-61.4867,57.0,62,100,3.0
511,Senneterre,CA,2022-07-21 23:55:24,48.3835,-77.2328,59.9,96,100,11.79
512,Anjar,IN,2022-07-21 23:55:24,23.1333,70.0167,81.18,81,77,14.25
513,Santa Isabel Do Rio Negro,BR,2022-07-21 23:55:25,-0.4139,-65.0192,77.76,81,100,0.43
514,Olafsvik,IS,2022-07-21 23:55:25,64.8945,-23.7142,52.97,88,71,7.05
515,Price,US,2022-07-21 23:55:25,39.5994,-110.8107,93.11,17,76,3.91
516,Chernyshevskiy,RU,2022-07-21 23:55:26,63.0128,112.4714,64.0,68,72,4.18
517,Crowley,US,2022-07-21 23:55:26,30.2141,-92.3746,91.09,83,73,10.4
518,Teahupoo,PF,2022-07-21 23:54:42,-17.8333,-149.2667,78.76,80,20,13.29
519,Cacu,BR,2022-07-21 23:53:13,-18.5567,-51.1308,70.9,36,87,3.96
520,Eureka,US,2022-07-21 23:55:27,40.8021,-124.1637,71.2,79,68,3.0
521,Soverato,IT,2022-07-21 23:55:27,38.685,16.5499,80.15,61,0,8.81
522,Maniitsoq,GL,2022-07-21 23:55:27,65.4167,-52.9,46.24,87,98,11.01
523,Mount Gambier,AU,2022-07-21 23:55:28,-37.8333,140.7667,51.89,77,100,12.01
524,Taunggyi,MM,2022-07-21 23:55:28,20.7833,97.0333,64.99,94,95,2.46
525,Port Moresby,PG,2022-07-21 23:55:28,-9.4431,147.1797,81.14,75,37,0.98
526,Balkanabat,TM,2022-07-21 23:55:29,39.5108,54.3671,84.51,49,0,3.06
527,Bonthe,SL,2022-07-21 23:55:29,7.5264,-12.505,76.53,80,97,11.3
528,Tiznit,MA,2022-07-21 23:54:14,29.5833,-9.5,88.2,21,22,3.09
529,Oksfjord,NO,2022-07-21 23:55:30,70.2396,22.3479,55.47,86,95,3.94
530,Hue,VN,2022-07-21 23:55:30,16.4667,107.6,78.91,89,20,4.61
531,North Bend,US,2022-07-21 23:55:31,43.4065,-124.2243,74.25,79,0,10.36
532,Talaja,IN,2022-07-21 23:55:31,21.35,72.05,80.02,81,100,8.34
533,Elizabeth City,US,2022-07-21 23:55:31,36.2946,-76.2511,77.02,87,75,8.05
534,Panguna,PG,2022-07-21 23:55:32,-6.3164,155.4848,81.12,51,87,2.13
535,Brigantine,US,2022-07-21 23:55:32,39.4101,-74.3646,87.21,84,88,16.17
536,Maamba,ZM,2022-07-21 23:55:32,-17.3667,27.15,59.94,63,20,2.68
537,Bafra,TR,2022-07-21 23:55:33,41.5678,35.9069,68.83,75,2,7.76
538,Villa Carlos Paz,AR,2022-07-21 23:55:33,-31.4241,-64.4978,55.38,36,66,3.0
539,Dubti,ET,2022-07-21 23:55:34,11.7361,41.0853,89.58,40,66,10.22
540,Akdepe,TM,2022-07-21 23:55:35,42.0551,59.3788,87.89,20,0,6.76
541,Vao,NC,2022-07-21 23:55:35,-22.6667,167.4833,73.83,90,55,19.24
542,Wahiawa,US,2022-07-21 23:55:35,21.5028,-158.0236,82.15,63,75,17.27
543,Ndola,ZM,2022-07-21 23:55:36,-12.9587,28.6366,57.51,67,12,8.28
544,Shiyan,CN,2022-07-21 23:55:36,32.6475,110.7781,80.04,85,100,1.25
545,Morant Bay,JM,2022-07-21 23:54:20,17.8815,-76.4093,87.42,80,64,8.7
546,Meulaboh,ID,2022-07-21 23:55:36,4.1363,96.1285,77.02,82,90,5.23
547,Maceio,BR,2022-07-21 23:54:00,-9.6658,-35.7353,76.44,88,20,3.44
548,Isla Aguada,MX,2022-07-21 23:55:37,18.7833,-91.4667,84.16,73,44,13.22
549,Fredericton,CA,2022-07-21 23:55:37,45.9454,-66.6656,76.05,81,20,14.97
550,Garcia Hernandez,PH,2022-07-21 23:55:38,9.6144,124.2946,83.19,80,99,10.74
551,Shenjiamen,CN,2022-07-21 23:55:38,29.9576,122.298,80.37,87,39,7.76
552,Banepa,NP,2022-07-21 23:54:28,27.6298,85.5214,68.32,100,75,3.44
553,Manzhouli,CN,2022-07-21 23:56:38,49.6,117.4333,75.97,64,11,6.31
554,Lake City,US,2022-07-21 23:56:39,30.1897,-82.6393,86.63,69,0,4.61
555,Strezhevoy,RU,2022-07-21 23:56:39,60.7333,77.5889,55.15,95,100,8.86
556,Kunri,PK,2022-07-21 23:56:40,25.1785,69.5691,83.44,79,84,13.31
557,Emilio Carranza,MX,2022-07-21 23:56:40,19.9711,-96.6114,85.33,69,39,11.9
558,Komsomolskiy,UZ,2022-07-21 23:56:40,40.4272,71.7189,79.52,38,0,9.22
559,Usinsk,RU,2022-07-21 23:56:41,65.9939,57.5281,42.53,76,13,10.36
560,Fonte Boa,BR,2022-07-21 23:56:41,-2.4959,-66.2662,72.82,96,45,1.95
561,Samarai,PG,2022-07-21 23:56:42,-10.6167,150.6667,82.2,73,42,4.72
562,Lata,PT,2022-07-21 23:56:42,40.1629,-8.3327,57.96,94,39,2.19
563,Elk City,US,2022-07-21 23:56:43,35.412,-99.4043,86.22,51,0,9.22
564,Sovetskiy,RU,2022-07-21 23:56:43,61.3614,63.5842,54.81,78,65,4.12
565,Parrsboro,CA,2022-07-21 23:56:43,45.4001,-64.332,82.96,64,94,1.99
566,Huaiyin,CN,2022-07-21 23:56:44,33.5886,119.0192,82.09,74,2,3.47
567,Kavaratti,IN,2022-07-21 23:56:44,10.5669,72.642,81.01,78,100,20.62
568,Scarborough,GB,2022-07-21 23:56:45,54.2797,-0.4044,58.57,83,100,1.01
569,Anadyr,RU,2022-07-21 23:56:45,64.75,177.4833,54.1,58,40,13.42
570,Zlitan,LY,2022-07-21 23:56:45,32.4674,14.5687,77.95,65,0,5.77
571,Ardmore,US,2022-07-21 23:56:46,34.1743,-97.1436,93.45,61,0,0.0
572,Nabire,ID,2022-07-21 23:53:56,-3.3667,135.4833,80.67,81,26,0.18
573,Bowen,AU,2022-07-21 23:56:46,-20.0167,148.2333,68.04,63,39,10.02
574,Tulum,MX,2022-07-21 23:56:47,20.2167,-87.4667,83.17,72,3,6.89
575,Ryotsu,JP,2022-07-21 23:56:47,38.0833,138.4333,74.82,93,98,3.51
576,Fairbanks,US,2022-07-21 23:56:47,64.8378,-147.7164,65.61,60,75,6.91
577,Taicheng,CN,2022-07-21 23:56:48,38.731,113.228,71.06,74,99,2.89
578,Bataipora,BR,2022-07-21 23:56:48,-22.2953,-53.2711,71.89,39,24,5.61
579,Nusaybin,TR,2022-07-21 23:56:49,37.0778,41.2178,81.25,42,0,5.44
